,address,lat,lng,occupation,phone
0,"2242 229TH RD, AMES, IA, 50014",42.0246078,-93.7356283,ELECTRICIAN,515-292-1155
1,"400 GROESBECK HWY, MOUNT CLEMENS, MI, 48043",42.612602,-82.886348,"MECHANIC, INDUSTRIAL TRUCK",586-468-9158
2,"400 GROESBECK HWY, MOUNT CLEMENS, MI, 48043",42.612602,-82.886348,MILLWRIGHT,586-468-9158
3,"400 GROESBECK HWY, MOUNT CLEMENS, MI, 48043",42.612602,-82.886348,PIPE FITTER (Const),586-468-9158
4,"400 GROESBECK HWY, MOUNT CLEMENS, MI, 48043",42.612602,-82.886348,PLUMBER,586-468-9158
5,"400 GROESBECK HWY, MOUNT CLEMENS, MI, 48043",42.612602,-82.886348,POWERHOUSE MECHANIC,586-468-9158
6,"400 GROESBECK HWY, MOUNT CLEMENS, MI, 48043",42.612602,-82.886348,"ELECTRICIAN, MAINTENANCE",586-468-9158
7,"PO Box 112, Driggs, ID, 83422",43.6598212,-111.3464203,ELECTRICIAN,208-354-1900
8,"2929 QUALITY DRIVE, PETERSBURG, VA, 23805",37.1984131,-77.35840979999999,ELECTRICIAN,804-863-0191
9,"2929 QUALITY DRIVE, PETERSBURG, VA, 23805",37.1984131,-77.35840979999999,PIPE FITTER (Const),804-863-0191
10,"2929 QUALITY DRIVE, PETERSBURG, VA, 23805",37.1984131,-77.35840979999999,"WELDER, COMBINATION",804-863-0191
11,"2929 QUALITY DRIVE, PETERSBURG, VA, 23805",37.1984131,-77.35840979999999,HEATING & AIR-COND INST-SERV,804-863-0191
12,"300 CAMPUS DRIVE, PARKERSBURG, WV, 26101",39.2167554,-81.5057279,CHILD CARE DEV SPECIALIST,304-424-8311
13,"4240 TEAYS VALLEY ROAD, SCOTT DEPOT, WV, 25560",38.4472667,-81.9136547,CHILD CARE DEV SPECIALIST,304-757-3662
14,"513 S OXFORD VALLEY RD, FAIRLESS HILLS, PA, 19030",40.1683949,-74.84896379999999,COOK (Hotel & Restaurant),215-968-8241
15,"1201 W. LIBERTY ST., ALLENTOWN, PA, 18102",40.6066053,-75.4853807,ELECTRICIAN,610-432-9762
16,"522 7TH ST, STE 210, RAPID CITY, SD, 57701",44.0805564,-103.2288371,HOTEL ASSOCIATE,605-341-2378
17,"5940 HAMILTON BLVD SUITE H-2, ALLENTOWN, PA, 18106",40.55809199999999,-75.57245499999999,ELEVATOR CONSTRUCTOR MECHANIC,877-390-1491
18,"320 E. 14TH STREET, CHESTER, PA, 19013",39.8585932,-75.360915,FIRE FIGHTER,610-447-7765
19,"3729 CHICHESTER AVENUE, BOOTHWYN, PA, 19061",39.8411461,-75.4428188,ELECTRICIAN,215-494-2820
20,"3729 CHICHESTER AVENUE, BOOTHWYN, PA, 19061",39.8411461,-75.4428188,RESIDENTIAL ELECTRICAL WIREMAN,215-494-2820
21,"4020 CROSS KEYS ROAD, COLLEGEVILLE, PA, 19426",40.177267,-75.442343,ELECTRICIAN,610-489-6399
22,"185 PENNBRIAR DRIVE, ERIE, PA, 16509",42.073607,-80.03957799999999,ELECTRICIAN,814-825-5505
23,"1202 N BAKER, EVANSVILLE, IN, 47710",37.9883724,-87.5656748,ROOFER,814-453-4503
24,"1375 VIRGINIA DRIVE SUITE 206, FORT WASHINGTON, PA, 19034",40.1406712,-75.1682194,OPERATING ENGINEER,215-591-5282
25,"1501 REVERE ST., HARRISBURG, PA, 17104",40.2534238,-76.861301,ELECTRICIAN,717-834-3037
26,"1501 REVERE ST., HARRISBURG, PA, 17104",40.2534238,-76.861301,TELECOMMUNICATIONS TECHNICIAN,717-834-3037
27,"1501 REVERE ST., HARRISBURG, PA, 17104",40.2534238,-76.861301,RESIDENTIAL ELECTRICAL WIREMAN,717-834-3037
28,"7193 JONESTOWN RD, HARRISBURG, PA, 17112",40.3320269,-76.748733,PLUMBER,717-652-3294
29,"315 - 317 N. WASHINTON ST., WILKES-BARRE, PA, 18702",41.2498663,-75.8714143,INSULATION WORKER,570-829-0634
30,"5940 HAMIILTON BLVD, STE H-2, ALLENTOWN, PA, 18106",40.55809199999999,-75.57245499999999,ELEVATOR CONSTRUCTOR MECHANIC,877-390-1491
31,"66 AZALEA DR., DRUMS, PA, 18222",41.0477636,-75.9605546,PAINTER (Const),570-788-2850
32,"711 COREY ST, SCRANTON, PA, 18505",41.3742171,-75.6957268,PIPE FITTER (Const),570-347-9214
33,"711 COREY ST, SCRANTON, PA, 18505",41.3742171,-75.6957268,PLUMBER,570-347-9214
34,"248 PARRISH STREET, WILKES-BARRE, PA, 18702",41.230123,-75.895005,SHEET METAL WORKER,570-822-4781
35,"2415 WEST GRANDVIEW BLVD., ERIE, PA, 16506",42.0761327,-80.1151,ELECTRICIAN,814-453-2518
36,"2791 SOUTHAMPTON RD., PHILADELPHIA, PA, 19154",40.109158,-74.985821,PLUMBER,215-677-6900
37,"2702 BLACK LAKE PLACE, PHILADELPHIA, PA, 19154",40.1102008,-74.98314429999999,BRICKLAYER (Brick & Tile),215-330-0544
38,"2702 BLACK LAKE PLACE, PHILADELPHIA, PA, 19154",40.1102008,-74.98314429999999,BRICKLAYER (Construction),215-330-0544
39,"2702 BLACK LAKE PLACE, PHILADELPHIA, PA, 19154",40.1102008,-74.98314429999999,STONEMASON,215-330-0544
40,"2702 BLACK LAKE PLACE, PHILADELPHIA, PA, 19154",40.1102008,-74.98314429999999,TERRAZZO WORKER,215-330-0544
41,"2702 BLACK LAKE PLACE, PHILADELPHIA, PA, 19154",40.1102008,-74.98314429999999,TILE SETTER,215-330-0544
42,"2702 BLACK LAKE PLACE, PHILADELPHIA, PA, 19154",40.1102008,-74.98314429999999,"TUCKPOINTER, CLEANER, CAULKER",215-330-0544
43,"2702 BLACK LAKE PLACE, PHILADELPHIA, PA, 19154",40.1102008,-74.98314429999999,TILE FINISHER,215-330-0544
44,"2702 BLACK LAKE PLACE, PHILADELPHIA, PA, 19154",40.1102008,-74.98314429999999,TERRAZZO FINISHER,215-330-0544
45,"10401 DECATUR RD, PHILADELPHIA, PA, 19154",40.086719,-74.99854700000002,CABINETMAKER,215-824-2300
46,"10401 DECATUR RD, PHILADELPHIA, PA, 19154",40.086719,-74.99854700000002,CARPENTER,215-824-2300
47,"10401 DECATUR RD, PHILADELPHIA, PA, 19154",40.086719,-74.99854700000002,"CARPENTER, ROUGH",215-824-2300
48,"10401 DECATUR RD, PHILADELPHIA, PA, 19154",40.086719,-74.99854700000002,FLOOR LAYER,215-824-2300
49,"10401 DECATUR RD, PHILADELPHIA, PA, 19154",40.086719,-74.99854700000002,LATHER,215-824-2300
50,"10401 DECATUR RD, PHILADELPHIA, PA, 19154",40.086719,-74.99854700000002,MILLWRIGHT,215-824-2300
51,"10401 DECATUR RD, PHILADELPHIA, PA, 19154",40.086719,-74.99854700000002,NON-BAT REGISTERED DOT'S,215-824-2300
52,"8215 TORREDALE ROAD, PHILADELPHIA, PA, 19136",40.03693,-75.016966,CORRECTION OFFICER,215-335-8231
53,"1719-29 SPRING GARDEN STREET, PHILADELPHIA, PA, 19130",39.9632174,-75.1669945,ELECTRICIAN,215-567-6405
54,"1719-29 SPRING GARDEN STREET, PHILADELPHIA, PA, 19130",39.9632174,-75.1669945,TELECOMMUNICATIONS TECHNICIAN,215-567-6405
55,"12273 TOWNSEND ROAD, PHILADELPHIA, PA, 19154",40.1023957,-74.9840985,ELEVATOR CONSTRUCTOR MECHANIC,215-676-2555
56,"11602 NORCOM ROAD, PHILADELPHIA, PA, 19154",40.0941616,-75.00283800000001,STRUCTURAL STEEL/IRONWORKER,215-676-3474
57,"2014 HORNIG ROAD, PHILADELPHIA, PA, 19116",40.112131,-74.99977799999999,INSULATION WORKER,215-533-0395
58,"500 LANCASTER PIKE, EXTON, PA, 19341",40.0279766,-75.6143019,CONSTRUCTION CRAFT LABORER,610-524-0404
59,"2535 ORTHODOX STREET, PHILADELPHIA, PA, 19137",40.0017,-75.076475,PLASTERER,215-288-4280
60,"14420 TOWNSEND ROAD, SUITE C, PHILADELPHIA, PA, 19154",40.1134364,-74.9710697,PIPE FITTER (Const),267-350-2610
61,"14420 TOWNSEND ROAD, SUITE C, PHILADELPHIA, PA, 19154",40.1134364,-74.9710697,REFRIGERATION MECH (Any Ind),267-350-2610
62,"2433 REED STREET, PHILADELPHIA, PA, 19146",39.93526019999999,-75.1858956,REINFORCING METAL WORKER,215-462-7300
63,"2433 REED STREET, PHILADELPHIA, PA, 19146",39.93526019999999,-75.1858956,RIGGER,215-462-7300
64,"2751 E. JUNIATA STREET, PHILADELPHIA, PA, 19137",39.9952177,-75.0786103,ROOFER,215-288-8005
65,"14004 McNulty Road, Philadelphia, PA, 19154",40.1071288,-74.97349609999999,PIPE FITTER (Const),215-673-9565
66,"14420 TOWNSEND ROAD, SUITE C, PHILADELPHIA, PA, 19154",40.1134364,-74.9710697,PIPE FITTER (Const),267-350-2610
67,"14420 TOWNSEND ROAD, SUITE C, PHILADELPHIA, PA, 19154",40.1134364,-74.9710697,REFRIGERATION MECH (Any Ind),267-350-2610
68,"1459 WOODRUFF STREET, PITTSBURGH, PA, 15220",40.4288495,-80.0246902,PIPE FITTER (Const),412-481-0333
69,"1459 WOODRUFF STREET, PITTSBURGH, PA, 15220",40.4288495,-80.0246902,REFRIGERATION MECH (Any Ind),412-481-0333
70,"100 KINGSTON DR., MONROEVILLE, PA, 15146",40.431325,-79.808324,BRICKLAYER (Construction),412-825-0923
71,"100 KINGSTON DR., MONROEVILLE, PA, 15146",40.431325,-79.808324,STONEMASON,412-825-0923
72,"100 KINGSTON DR., MONROEVILLE, PA, 15146",40.431325,-79.808324,TERRAZZO WORKER,412-825-0923
73,"100 KINGSTON DR., MONROEVILLE, PA, 15146",40.431325,-79.808324,TILE SETTER,412-825-0923
74,"100 KINGSTON DR., MONROEVILLE, PA, 15146",40.431325,-79.808324,"TUCKPOINTER, CLEANER, CAULKER",412-825-0923
75,"100 KINGSTON DR., MONROEVILLE, PA, 15146",40.431325,-79.808324,TILE FINISHER,412-825-0923
76,"100 KINGSTON DR., MONROEVILLE, PA, 15146",40.431325,-79.808324,TERRAZZO FINISHER,412-825-0923
77,"5 HOT METAL ST.  STE 100, PITTSBURGH, PA, 15203",40.425562,-79.963416,ELECTRICIAN,412-432-1145
78,"5 HOT METAL ST.  STE 100, PITTSBURGH, PA, 15203",40.425562,-79.963416,RESIDENTIAL ELECTRICAL WIREMAN,412-432-1145
79,"652 RIDGE ROAD, PITTSBURGH, PA, 15205",40.4275108,-80.1360918,CABINETMAKER,412-262-1830
80,"652 RIDGE ROAD, PITTSBURGH, PA, 15205",40.4275108,-80.1360918,CARPENTER,412-262-1830
81,"652 RIDGE ROAD, PITTSBURGH, PA, 15205",40.4275108,-80.1360918,"CARPENTER, ROUGH",412-262-1830
82,"652 RIDGE ROAD, PITTSBURGH, PA, 15205",40.4275108,-80.1360918,FLOOR LAYER,412-262-1830
83,"652 RIDGE ROAD, PITTSBURGH, PA, 15205",40.4275108,-80.1360918,MILLWRIGHT,412-262-1830
84,"652 RIDGE ROAD, PITTSBURGH, PA, 15205",40.4275108,-80.1360918,RESIDENTIAL CARPENTER,412-262-1830
85,"652 RIDGE ROAD, PITTSBURGH, PA, 15205",40.4275108,-80.1360918,"CARPENTER, PILEDRIVER",412-262-1830
86,"2315 LIBERTY AVENUE, PITTSBURGH, PA, 15222",40.452914,-79.980318,STRUCTURAL STEEL/IRONWORKER,412-471-4535
87,"2945  BANKSVILLE RD.   ROOM 208, PITTSBURGH, PA, 15216",40.4023827,-80.0412463,ELEVATOR CONSTRUCTOR MECHANIC,412-341-6666
88,"P O BOX 354, YOUNGWOOD, PA, 15697",40.240079,-79.5772008,PLUMBER,724-925-8108
89,"P O BOX 354, YOUNGWOOD, PA, 15697",40.240079,-79.5772008,SPRING MAKER,724-925-8108
90,"451 ADAMS AVE., CANONSBURG, PA, 15317",40.2648215,-80.17391529999999,AUTOMOBILE MECHANIC,724-746-0647
91,"451 ADAMS AVE., CANONSBURG, PA, 15317",40.2648215,-80.17391529999999,CARPENTER,724-746-0647
92,"451 ADAMS AVE., CANONSBURG, PA, 15317",40.2648215,-80.17391529999999,CEMENT MASON,724-746-0647
93,"451 ADAMS AVE., CANONSBURG, PA, 15317",40.2648215,-80.17391529999999,ELECTRICIAN,724-746-0647
94,"451 ADAMS AVE., CANONSBURG, PA, 15317",40.2648215,-80.17391529999999,CONSTRUCTION EQUIP MECHANIC,724-746-0647
95,"451 ADAMS AVE., CANONSBURG, PA, 15317",40.2648215,-80.17391529999999,OPERATING ENGINEER,724-746-0647
96,"451 ADAMS AVE., CANONSBURG, PA, 15317",40.2648215,-80.17391529999999,CONSTRUCTION CRAFT LABORER,724-746-0647
97,"1900 ANDREW STREET, MUNHALL, PA, 15120",40.400923,-79.89971,PLASTERER,412-292-2950
98,"230 LINCOLN AVE, PITTSBURGH, PA, 15202",40.4925088,-80.04896959999999,ROOFER,412-732-9720
99,"107 OPERATORS WAY, NEW ALEXANDRIA, PA, 15670",40.39586600000001,-79.4426332,OPERATING ENGINEER,724-668-2244
100,"107 OPERATORS WAY, NEW ALEXANDRIA, PA, 15670",40.39586600000001,-79.4426332,CONSTRUCTION EQUIP MECHANIC,724-668-2244
101,"1221 BANKSVILLE RD., PITTSBURGH, PA, 15216",40.417844,-80.0293049,BOILERMAKER I,412-531-3620
102,"1057 CLINTON RD. P. O. BOX O, CLINTON, PA, 15026",40.4913949,-80.2973027,INSULATION WORKER,724-695-3902
103,"2606 CALIFORNIA AVE, PITTSBURGH, PA, 15212",40.46595,-80.033248,CEMENT MASON,412-761-6310
104,"652 RIDGE RD., PITTSBURGH, PA, 15205",40.4275108,-80.1360918,CARPENTER,412-262-1830
105,"1040 MONTOUR W INDUSTRIAL PA, CORAOPOLIS, PA, 15108",40.453029,-80.215921,PLUMBER,724-695-9047
106,"1200 GULF LAB ROAD, PITTSBURGH, PA, 15238",40.542036,-79.835267,SHEET METAL WORKER,412-828-1386
107,"227 Stanton Avenue, Pittsburgh, PA, 15209",40.477722,-79.971367,PIPE FITTER (Const),412-822-8040
108,"431 WYOMING AVENUE, SCRANTON, PA, 18503",41.412293,-75.661945,ELECTRICIAN,570-344-5711
109,"144 BROWN ST., YATESVILLE, PA, 18640",41.304391,-75.77658,STRUCTURAL STEEL/IRONWORKER,570-655-9400
110,"150 SOUTH MARKET ST., SHAMOKIN, PA, 17872",40.78605839999999,-76.5586761,ELECTRICIAN,570-648-9831
111,"539 MAIN ST., SHOEMAKERSVILLE, PA, 19555",40.501887,-75.969723,SHEET METAL WORKER,610-562-5306
112,"1269 SANS SOUCI PARKWAY, WILKES-BARRE, PA, 18706",41.22538429999999,-75.9345488,ELECTRICIAN,570-823-4028
113,"500 JORDAN AVENUE, MONTOURSVILLE, PA, 17754",41.2478042,-76.9222794,ELECTRICIAN,570-368-8984
114,"555 WILLOW SPRINGS LANE, YORK, PA, 17406",40.0483025,-76.7440077,ELECTRICIAN,717-843-8368
115,"555 WILLOW SPRINGS LANE, YORK, PA, 17406",40.0483025,-76.7440077,TELECOMMUNICATIONS TECHNICIAN,717-843-8368
116,"555 WILLOW SPRINGS LANE, YORK, PA, 17406",40.0483025,-76.7440077,RESIDENTIAL ELECTRICAL WIREMAN,717-843-8368
117,"8368 SUMMIT POINTE RD, CHARLES TOWN, WV, 25414",39.281035,-77.881462,CHILD CARE DEV SPECIALIST,304-724-8800
118,"126TH AIR GUARD WY, SCOTT AIR FORCE BASE, IL, 62225",38.5492846,-89.8510593,OPERATIONS RESOURCE FLIGHT/Jum Mng (CB),618-222-4277
119,"126TH AIR GUARD WY, SCOTT AIR FORCE BASE, IL, 62225",38.5492846,-89.8510593,PERSONNEL SYSTEMS MANAGEMENT (CB),618-222-4277
120,"1151 FAIRCHILD STREET, WILLOW GROVE ARS, PA, 19090",40.2102705,-75.143582,AIRFRAME & POWERPLANT MECHANIC,215-443-1379
121,"1151 FAIRCHILD STREET, WILLOW GROVE ARS, PA, 19090",40.2102705,-75.143582,OPTICIAN DISPENSING,215-443-1379
122,"1151 FAIRCHILD STREET, WILLOW GROVE ARS, PA, 19090",40.2102705,-75.143582,COOK (Any Ind),215-443-1379
123,"1151 FAIRCHILD STREET, WILLOW GROVE ARS, PA, 19090",40.2102705,-75.143582,DENTAL ASSISTANT,215-443-1379
124,"1151 FAIRCHILD STREET, WILLOW GROVE ARS, PA, 19090",40.2102705,-75.143582,"MECHANIC, INDUSTRIAL TRUCK",215-443-1379
125,"1151 FAIRCHILD STREET, WILLOW GROVE ARS, PA, 19090",40.2102705,-75.143582,ELECTRICIAN,215-443-1379
126,"1151 FAIRCHILD STREET, WILLOW GROVE ARS, PA, 19090",40.2102705,-75.143582,"ELECTRICIAN, AIRCRAFT",215-443-1379
127,"1151 FAIRCHILD STREET, WILLOW GROVE ARS, PA, 19090",40.2102705,-75.143582,"FIRE FIGHTER, CRASH, FIRE",215-443-1379
128,"1151 FAIRCHILD STREET, WILLOW GROVE ARS, PA, 19090",40.2102705,-75.143582,GAUGER (Petrol Prod),215-443-1379
129,"1151 FAIRCHILD STREET, WILLOW GROVE ARS, PA, 19090",40.2102705,-75.143582,MEDICAL-LABORATORY TECH,215-443-1379
130,"1151 FAIRCHILD STREET, WILLOW GROVE ARS, PA, 19090",40.2102705,-75.143582,METEOROLOGICAL EQUIP REPR,215-443-1379
131,"1151 FAIRCHILD STREET, WILLOW GROVE ARS, PA, 19090",40.2102705,-75.143582,"PHOTOGRAPHER, STILL",215-443-1379
132,"1151 FAIRCHILD STREET, WILLOW GROVE ARS, PA, 19090",40.2102705,-75.143582,POLICE OFFICER I,215-443-1379
133,"1151 FAIRCHILD STREET, WILLOW GROVE ARS, PA, 19090",40.2102705,-75.143582,POWER-PLANT OPERATOR,215-443-1379
134,"1151 FAIRCHILD STREET, WILLOW GROVE ARS, PA, 19090",40.2102705,-75.143582,POWERHOUSE MECHANIC,215-443-1379
135,"1151 FAIRCHILD STREET, WILLOW GROVE ARS, PA, 19090",40.2102705,-75.143582,RADIO MECHANIC (Any Ind),215-443-1379
136,"1151 FAIRCHILD STREET, WILLOW GROVE ARS, PA, 19090",40.2102705,-75.143582,COUNSELOR,215-443-1379
137,"1151 FAIRCHILD STREET, WILLOW GROVE ARS, PA, 19090",40.2102705,-75.143582,ELECTRONICS TESTER,215-443-1379
138,"1151 FAIRCHILD STREET, WILLOW GROVE ARS, PA, 19090",40.2102705,-75.143582,HAZARDOUS-WASTE MATERIAL TECH,215-443-1379
139,"1151 FAIRCHILD STREET, WILLOW GROVE ARS, PA, 19090",40.2102705,-75.143582,AVIATION SUPPORT EQUIP REP,215-443-1379
140,"1151 FAIRCHILD STREET, WILLOW GROVE ARS, PA, 19090",40.2102705,-75.143582,FUEL SYSTEM MAINT WORKER,215-443-1379
141,"1151 FAIRCHILD STREET, WILLOW GROVE ARS, PA, 19090",40.2102705,-75.143582,WASTE TREATMENT OPERATOR,215-443-1379
142,"1151 FAIRCHILD STREET, WILLOW GROVE ARS, PA, 19090",40.2102705,-75.143582,TELECOMMUNICATIONS TECHNICIAN,215-443-1379
143,"1151 FAIRCHILD STREET, WILLOW GROVE ARS, PA, 19090",40.2102705,-75.143582,LOGISTICS ENGINEER,215-443-1379
144,"1151 FAIRCHILD STREET, WILLOW GROVE ARS, PA, 19090",40.2102705,-75.143582,HEATING & AIR-COND INST-SERV,215-443-1379
145,"1151 FAIRCHILD STREET, WILLOW GROVE ARS, PA, 19090",40.2102705,-75.143582,TRANSPORTATION CLERK,215-443-1379
146,"1151 FAIRCHILD STREET, WILLOW GROVE ARS, PA, 19090",40.2102705,-75.143582,"DISPATCHER, SERVICE",215-443-1379
147,"1151 FAIRCHILD STREET, WILLOW GROVE ARS, PA, 19090",40.2102705,-75.143582,SAFETY INSPECTOR/TECHNICIAN,215-443-1379
148,"1151 FAIRCHILD STREET, WILLOW GROVE ARS, PA, 19090",40.2102705,-75.143582,EMERGENCY MEDICAL TECH,215-443-1379
149,"1151 FAIRCHILD STREET, WILLOW GROVE ARS, PA, 19090",40.2102705,-75.143582,MEDICAL SECRETARY,215-443-1379
150,"1151 FAIRCHILD STREET, WILLOW GROVE ARS, PA, 19090",40.2102705,-75.143582,MATERIAL COORDINATOR,215-443-1379
151,"1151 FAIRCHILD STREET, WILLOW GROVE ARS, PA, 19090",40.2102705,-75.143582,"AIRCRAFT MECH, PLUMB & HYDRA",215-443-1379
152,"1151 FAIRCHILD STREET, WILLOW GROVE ARS, PA, 19090",40.2102705,-75.143582,BIOMEDICAL EQUIPMENT TECH,215-443-1379
153,"1151 FAIRCHILD STREET, WILLOW GROVE ARS, PA, 19090",40.2102705,-75.143582,FIELD SERVICE ENGINEER,215-443-1379
154,"1151 FAIRCHILD STREET, WILLOW GROVE ARS, PA, 19090",40.2102705,-75.143582,METEOROLOGIST,215-443-1379
155,"1151 FAIRCHILD STREET, WILLOW GROVE ARS, PA, 19090",40.2102705,-75.143582,PURCHASING AGENT,215-443-1379
156,"1151 FAIRCHILD STREET, WILLOW GROVE ARS, PA, 19090",40.2102705,-75.143582,CAMERA OPERATOR,215-443-1379
157,"1151 FAIRCHILD STREET, WILLOW GROVE ARS, PA, 19090",40.2102705,-75.143582,"TRUCK DRIVER, HEAVY",215-443-1379
158,"1151 FAIRCHILD STREET, WILLOW GROVE ARS, PA, 19090",40.2102705,-75.143582,"EXTERMINATOR, TERMITE",215-443-1379
159,"1151 FAIRCHILD STREET, WILLOW GROVE ARS, PA, 19090",40.2102705,-75.143582,PARALEGAL,215-443-1379
160,"1151 FAIRCHILD STREET, WILLOW GROVE ARS, PA, 19090",40.2102705,-75.143582,OFFICE MANAGER/ADMIN SERVICES,215-443-1379
161,"1151 FAIRCHILD STREET, WILLOW GROVE ARS, PA, 19090",40.2102705,-75.143582,INTERNETWORKING TECHNICIAN,215-443-1379
162,"1151 FAIRCHILD STREET, WILLOW GROVE ARS, PA, 19090",40.2102705,-75.143582,AIRFRAME MECHANIC,215-443-1379
163,"1151 FAIRCHILD STREET, WILLOW GROVE ARS, PA, 19090",40.2102705,-75.143582,SURGICAL TECHNOLOGIST (CB),215-443-1379
164,"1151 FAIRCHILD STREET, WILLOW GROVE ARS, PA, 19090",40.2102705,-75.143582,IT GENERALIST (CB),215-443-1379
165,"1151 FAIRCHILD STREET, WILLOW GROVE ARS, PA, 19090",40.2102705,-75.143582,AIRFIELD MANAGEMENT (CB),215-443-1379
166,"1151 FAIRCHILD STREET, WILLOW GROVE ARS, PA, 19090",40.2102705,-75.143582,COMMAND POST SPECIALTY (CB),215-443-1379
167,"1151 FAIRCHILD STREET, WILLOW GROVE ARS, PA, 19090",40.2102705,-75.143582,OPERATIONS INTELLIGENCE (CB),215-443-1379
168,"1151 FAIRCHILD STREET, WILLOW GROVE ARS, PA, 19090",40.2102705,-75.143582,AEROSPACE PROPULSION JET ENG MEC (CB),215-443-1379
169,"1151 FAIRCHILD STREET, WILLOW GROVE ARS, PA, 19090",40.2102705,-75.143582,AIRCRAFT METALS TECH/Mach/CNC (CB),215-443-1379
170,"1151 FAIRCHILD STREET, WILLOW GROVE ARS, PA, 19090",40.2102705,-75.143582,SURVIVAL EQUIPMENT (PARACHUTE REP (CB),215-443-1379
171,"1151 FAIRCHILD STREET, WILLOW GROVE ARS, PA, 19090",40.2102705,-75.143582,MUNITIONS SYSTEMS (CB),215-443-1379
172,"1151 FAIRCHILD STREET, WILLOW GROVE ARS, PA, 19090",40.2102705,-75.143582,INFORMATION MANAGEMENT (WD Proc) (CB),215-443-1379
173,"1151 FAIRCHILD STREET, WILLOW GROVE ARS, PA, 19090",40.2102705,-75.143582,COMMUNICATIONS-COMPUTER SYSTEMS (CB),215-443-1379
174,"1151 FAIRCHILD STREET, WILLOW GROVE ARS, PA, 19090",40.2102705,-75.143582,HISTORIAN (CB),215-443-1379
175,"1151 FAIRCHILD STREET, WILLOW GROVE ARS, PA, 19090",40.2102705,-75.143582,SERVICES (Base Facilities) (CB),215-443-1379
176,"1151 FAIRCHILD STREET, WILLOW GROVE ARS, PA, 19090",40.2102705,-75.143582,PUBLIC AFFAIRS (CB),215-443-1379
177,"1151 FAIRCHILD STREET, WILLOW GROVE ARS, PA, 19090",40.2102705,-75.143582,"MILITARY EQUAL OPPORTUNITY (MEO), (3S1X1B)",215-443-1379
178,"1151 FAIRCHILD STREET, WILLOW GROVE ARS, PA, 19090",40.2102705,-75.143582,EDUCATION AND TRAINING (CB),215-443-1379
179,"1151 FAIRCHILD STREET, WILLOW GROVE ARS, PA, 19090",40.2102705,-75.143582,PUBLIC HEALTH (CB),215-443-1379
180,"1151 FAIRCHILD STREET, WILLOW GROVE ARS, PA, 19090",40.2102705,-75.143582,CHAPLAIN SERVICE SUPPORT (CB),215-443-1379
181,"1151 FAIRCHILD STREET, WILLOW GROVE ARS, PA, 19090",40.2102705,-75.143582,FINANCIAL MANAGEMENT (CB),215-443-1379
182,"1213 W MAIN ST, RICHMOND, VA, 23220",37.5458951,-77.45719489999999,COSMETOLOGIST,804-767-0025
183,"126 AIR GUARD WAY, SCOTT AIR FORCE BASE, IL, 62225",38.5492699,-89.85098939999999,"PHOTOGRAPHER, STILL",618-222-5725
184,"126 AIR GUARD WAY, SCOTT AIR FORCE BASE, IL, 62225",38.5492699,-89.85098939999999,SAFETY INSPECTOR/TECHNICIAN,618-222-5725
185,"126 AIR GUARD WAY, SCOTT AIR FORCE BASE, IL, 62225",38.5492699,-89.85098939999999,PARALEGAL,618-222-5725
186,"126 AIR GUARD WAY, SCOTT AIR FORCE BASE, IL, 62225",38.5492699,-89.85098939999999,COMMAND POST SPECIALTY (CB),618-222-5725
187,"126 AIR GUARD WAY, SCOTT AIR FORCE BASE, IL, 62225",38.5492699,-89.85098939999999,PUBLIC AFFAIRS (CB),618-222-5725
188,"126 AIR GUARD WAY, SCOTT AIR FORCE BASE, IL, 62225",38.5492699,-89.85098939999999,MILITARY EQUAL OPPORTUNITY (MEO) (CB),618-222-5725
189,"126 AIR GUARD WAY, SCOTT AIR FORCE BASE, IL, 62225",38.5492699,-89.85098939999999,PERSONNEL SYSTEMS MANAGEMENT (CB),618-222-5725
190,"126 AIR GUARD WAY, SCOTT AIR FORCE BASE, IL, 62225",38.5492699,-89.85098939999999,CHAPLAIN SERVICE SUPPORT (CB),618-222-5725
191,"126 AIR GUARD WAY, SCOTT AIR FORCE BASE, IL, 62225",38.5492699,-89.85098939999999,FINANCIAL MANAGEMENT (CB),618-222-5725
192,"126 AIR GUARD WAY, SCOTT AIR FORCE BASE, IL, 62225",38.5492699,-89.85098939999999,CARPENTER,618-222-4882
193,"126 AIR GUARD WAY, SCOTT AIR FORCE BASE, IL, 62225",38.5492699,-89.85098939999999,ELECTRICIAN,618-222-4882
194,"126 AIR GUARD WAY, SCOTT AIR FORCE BASE, IL, 62225",38.5492699,-89.85098939999999,"FIRE FIGHTER, CRASH, FIRE",618-222-4882
195,"126 AIR GUARD WAY, SCOTT AIR FORCE BASE, IL, 62225",38.5492699,-89.85098939999999,OPERATING ENGINEER,618-222-4882
196,"126 AIR GUARD WAY, SCOTT AIR FORCE BASE, IL, 62225",38.5492699,-89.85098939999999,POWER-PLANT OPERATOR,618-222-4882
197,"126 AIR GUARD WAY, SCOTT AIR FORCE BASE, IL, 62225",38.5492699,-89.85098939999999,HAZARDOUS-WASTE MATERIAL TECH,618-222-4882
198,"126 AIR GUARD WAY, SCOTT AIR FORCE BASE, IL, 62225",38.5492699,-89.85098939999999,WASTE TREATMENT OPERATOR,618-222-4882
199,"126 AIR GUARD WAY, SCOTT AIR FORCE BASE, IL, 62225",38.5492699,-89.85098939999999,LOGISTICS ENGINEER,618-222-4882
200,"126 AIR GUARD WAY, SCOTT AIR FORCE BASE, IL, 62225",38.5492699,-89.85098939999999,HEATING & AIR-COND INST-SERV,618-222-4882
201,"126 AIR GUARD WAY, SCOTT AIR FORCE BASE, IL, 62225",38.5492699,-89.85098939999999,"ENGINEERING ASST, MECH EQUIP",618-222-4882
202,"126 AIR GUARD WAY, SCOTT AIR FORCE BASE, IL, 62225",38.5492699,-89.85098939999999,MATERIAL COORDINATOR,618-222-4882
203,"126 AIR GUARD WAY, SCOTT AIR FORCE BASE, IL, 62225",38.5492699,-89.85098939999999,"EXTERMINATOR, TERMITE",618-222-4882
204,"126 AIR GUARD WAY, SCOTT AIR FORCE BASE, IL, 62225",38.5492699,-89.85098939999999,EDUCATION AND TRAINING (CB),618-222-4882
205,"126 AIR GUARD WAY, SCOTT AIR FORCE BASE, IL, 62225",38.5492699,-89.85098939999999,SERVICES (Base Facilities) (CB),618-222-5714
206,"126 AIR GUARD WAY, SCOTT AIR FORCE BASE, IL, 62225",38.5492699,-89.85098939999999,PERSONNEL SYSTEMS MANAGEMENT (CB),618-222-5714
207,"126 AIR GUARD WAY, SCOTT AIR FORCE BASE, IL, 62225",38.5492699,-89.85098939999999,EDUCATION AND TRAINING (CB),618-222-5714
208,"126 AIR GUARD WY, SCOTT AFB, IL, 62225",38.5492699,-89.85098939999999,DENTAL ASSISTANT,618-256-7592
209,"126 AIR GUARD WY, SCOTT AFB, IL, 62225",38.5492699,-89.85098939999999,MEDICAL-LABORATORY TECH,618-256-7592
210,"126 AIR GUARD WY, SCOTT AFB, IL, 62225",38.5492699,-89.85098939999999,ENVIRONMENTAL ANALYST,618-256-7592
211,"126 AIR GUARD WY, SCOTT AFB, IL, 62225",38.5492699,-89.85098939999999,MEDICAL SECRETARY,618-256-7592
212,"126 AIR GUARD WY, SCOTT AFB, IL, 62225",38.5492699,-89.85098939999999,"NURSE, LICENSED PRACTICAL",618-256-7592
213,"126 AIR GUARD WY, SCOTT AFB, IL, 62225",38.5492699,-89.85098939999999,MATERIAL COORDINATOR,618-256-7592
214,"126 AIR GUARD WY, SCOTT AFB, IL, 62225",38.5492699,-89.85098939999999,BIOMEDICAL EQUIPMENT TECH,618-256-7592
215,"126 AIR GUARD WY, SCOTT AFB, IL, 62225",38.5492699,-89.85098939999999,EDUCATION AND TRAINING (CB),618-256-7592
216,"126 AIR GUARD WY, SCOTT AFB, IL, 62225",38.5492699,-89.85098939999999,PUBLIC HEALTH (CB),618-256-7592
217,"126 AIR GUARD WY, SCOTT AFB, IL, 62225",38.5492699,-89.85098939999999,AIRFIELD MANAGEMENT (CB),618-222-4722
218,"126 AIR GUARD WY, SCOTT AFB, IL, 62225",38.5492699,-89.85098939999999,OPERATIONS RESOURCE FLIGHT/Jum Mng (CB),618-222-4722
219,"126 AIR GUARD WY, SCOTT AFB, IL, 62225",38.5492699,-89.85098939999999,OPERATIONS INTELLIGENCE (CB),618-222-4722
220,"126 AIR GUARD WY, SCOTT AFB, IL, 62225",38.5492699,-89.85098939999999,POLICE OFFICER I,618-256-6118
221,"3101 J. DAVID JONES PKWY, SPRINGFIELD, IL, 62707",39.8459598,-89.66450479999999,AIRFIELD MANAGEMENT (CB),217-757-1401
222,"3101 J. DAVID JONES PKWY, SPRINGFIELD, IL, 62707",39.8459598,-89.66450479999999,COMMAND POST SPECIALTY (CB),217-757-1401
223,"3101 J DAVID JONES PARKWAY, SPRINGFIELD, IL, 62707",39.8459598,-89.66450479999999,HAZARDOUS-WASTE MATERIAL TECH,217-757-1219
224,"3101 J DAVID JONES PARKWAY, SPRINGFIELD, IL, 62707",39.8459598,-89.66450479999999,LOGISTICS ENGINEER,217-757-1219
225,"3101 J DAVID JONES PARKWAY, SPRINGFIELD, IL, 62707",39.8459598,-89.66450479999999,COMPUTER OPERATOR,217-757-1219
226,"3101 J DAVID JONES PARKWAY, SPRINGFIELD, IL, 62707",39.8459598,-89.66450479999999,MATERIAL COORDINATOR,217-757-1219
227,"3101 J DAVID JONES PARKWAY, SPRINGFIELD, IL, 62707",39.8459598,-89.66450479999999,INFORMATION MANAGEMENT (WD Proc) (CB),217-757-1219
228,"3101 J DAVID JONES PARKWAY, SPRINGFIELD, IL, 62707",39.8459598,-89.66450479999999,SERVICES (Base Facilities) (CB),217-757-1219
229,"3101 J DAVID JONES PARKWAY, SPRINGFIELD, IL, 62707",39.8459598,-89.66450479999999,PERSONNEL SYSTEMS MANAGEMENT (CB),217-757-1219
230,"3101 J DAVID JONES PKWY, SPRINGFIELD, IL, 62707",39.8459598,-89.66450479999999,SERVICES (Base Facilities) (CB),217-757-1228
231,"3101 J DAVID JONES PKWY, SPRINGFIELD, IL, 62707",39.8459598,-89.66450479999999,PERSONNEL SYSTEMS MANAGEMENT (CB),217-757-1228
232,"3101 J DAVID JONES PKWY, SPRINGFIELD, IL, 62707",39.8459598,-89.66450479999999,EDUCATION AND TRAINING (CB),217-757-1228
233,"3101 J DAVID JONES PKWY, SPRINGFIELD, IL, 62707",39.8459598,-89.66450479999999,PURCHASING AGENT,217-757-1231
234,"3101 J DAVID JONES PKWY, SPRINGFIELD, IL, 62707",39.8459598,-89.66450479999999,INFORMATION MANAGEMENT (WD Proc) (CB),217-757-1231
235,"3101 J DAVID JONES PKWY, SPRINGFIELD, IL, 62707",39.8459598,-89.66450479999999,PERSONNEL SYSTEMS MANAGEMENT (CB),217-757-1231
236,"10800 LAMBERT INTERNATIONAL BLVD, BRIDGETON, MO, 63044",38.742503,-90.373751,AUTOMOBILE MECHANIC,314-527-6287
237,"10800 LAMBERT INTERNATIONAL BLVD, BRIDGETON, MO, 63044",38.742503,-90.373751,AUTO-MAINT-EQUIP SERVICER,314-527-6287
238,"10800 LAMBERT INTERNATIONAL BLVD, BRIDGETON, MO, 63044",38.742503,-90.373751,"MECHANIC, INDUSTRIAL TRUCK",314-527-6287
239,"10800 LAMBERT INTERNATIONAL BLVD, BRIDGETON, MO, 63044",38.742503,-90.373751,"ELECTRICIAN, AIRCRAFT",314-527-6287
240,"10800 LAMBERT INTERNATIONAL BLVD, BRIDGETON, MO, 63044",38.742503,-90.373751,ELECTRONICS MECHANIC,314-527-6287
241,"10800 LAMBERT INTERNATIONAL BLVD, BRIDGETON, MO, 63044",38.742503,-90.373751,POLICE OFFICER I,314-527-6287
242,"10800 LAMBERT INTERNATIONAL BLVD, BRIDGETON, MO, 63044",38.742503,-90.373751,POWER-PLANT OPERATOR,314-527-6287
243,"10800 LAMBERT INTERNATIONAL BLVD, BRIDGETON, MO, 63044",38.742503,-90.373751,AVIONICS TECHNICIAN,314-527-6287
244,"10800 LAMBERT INTERNATIONAL BLVD, BRIDGETON, MO, 63044",38.742503,-90.373751,RADIO MECHANIC (Any Ind),314-527-6287
245,"10800 LAMBERT INTERNATIONAL BLVD, BRIDGETON, MO, 63044",38.742503,-90.373751,HAZARDOUS-WASTE MATERIAL TECH,314-527-6287
246,"10800 LAMBERT INTERNATIONAL BLVD, BRIDGETON, MO, 63044",38.742503,-90.373751,AVIATION SUPPORT EQUIP REP,314-527-6287
247,"10800 LAMBERT INTERNATIONAL BLVD, BRIDGETON, MO, 63044",38.742503,-90.373751,TELECOMMUNICATIONS TECHNICIAN,314-527-6287
248,"10800 LAMBERT INTERNATIONAL BLVD, BRIDGETON, MO, 63044",38.742503,-90.373751,LOGISTICS ENGINEER,314-527-6287
249,"10800 LAMBERT INTERNATIONAL BLVD, BRIDGETON, MO, 63044",38.742503,-90.373751,HEATING & AIR-COND INST-SERV,314-527-6287
250,"10800 LAMBERT INTERNATIONAL BLVD, BRIDGETON, MO, 63044",38.742503,-90.373751,COMPUTER OPERATOR,314-527-6287
251,"10800 LAMBERT INTERNATIONAL BLVD, BRIDGETON, MO, 63044",38.742503,-90.373751,SAFETY INSPECTOR/TECHNICIAN,314-527-6287
252,"10800 LAMBERT INTERNATIONAL BLVD, BRIDGETON, MO, 63044",38.742503,-90.373751,AIRCRAFT ARMAMENT MECHANIC,314-527-6287
253,"10800 LAMBERT INTERNATIONAL BLVD, BRIDGETON, MO, 63044",38.742503,-90.373751,"AIRCRAFT MECH, PLUMB & HYDRA",314-527-6287
254,"10800 LAMBERT INTERNATIONAL BLVD, BRIDGETON, MO, 63044",38.742503,-90.373751,IA Specialist,314-527-6287
255,"10800 LAMBERT INTERNATIONAL BLVD, BRIDGETON, MO, 63044",38.742503,-90.373751,MUNITIONS SYSTEMS (CB),314-527-6287
256,"10800 LAMBERT INTERNATIONAL BLVD, BRIDGETON, MO, 63044",38.742503,-90.373751,INFORMATION MANAGEMENT (WD Proc) (CB),314-527-6287
257,"10800 LAMBERT INTERNATIONAL BLVD, BRIDGETON, MO, 63044",38.742503,-90.373751,COMMUNICATIONS-COMPUTER SYSTEMS (CB),314-527-6287
258,"10800 LAMBERT INTERNATIONAL BLVD, BRIDGETON, MO, 63044",38.742503,-90.373751,PERSONNEL SYSTEMS MANAGEMENT (3S0X2),314-527-6287
259,"10800 LAMBERT INTERNATIONAL BLVD, BRIDGETON, MO, 63044",38.742503,-90.373751,EDUCATION AND TRAINING (CB),314-527-6287
260,"908 TILLER AVENUE, BEACHWOOD, NJ, 08722",39.9298207,-74.203706,ELECTRICIAN,732-279-6813
261,"2520 E OLD STATE ROAD, EAST JORDAN, MI, 49727",45.060085,-85.0156518,ELECTRICIAN,231-881-0384
262,"3201 NYGREN DR NW, MANDAN, ND, 58554",46.8541156,-100.9232722,LINE MAINTAINER,701-667-6410
263,"8060 W AIRLINE ROAD, WEIDMAN, MI, 48893",43.6902518,-85.0091084,ELECTRICIAN,989-644-8663
264,"22614 ROUTE 84 NORTH, CORDOVA, IL, 61242",41.75390700000001,-90.288883,MAINT MECH (Any Ind),309-654-2291
265,"22614 ROUTE 84 NORTH, CORDOVA, IL, 61242",41.75390700000001,-90.288883,"ELECTRICIAN, MAINTENANCE",309-654-2291
266,"22614 ROUTE 84 NORTH, CORDOVA, IL, 61242",41.75390700000001,-90.288883,REFRIGERATION MECH (Any Ind),309-654-2291
267,"22614 ROUTE 84 NORTH, CORDOVA, IL, 61242",41.75390700000001,-90.288883,BOILER OPERATOR,309-654-2291
268,"1450 PERIMETER RD, GREENVILLE, SC, 29605",34.7462566,-82.3567165,MAINT MECH (Any Ind),864-299-4161
269,"1450 PERIMETER RD, GREENVILLE, SC, 29605",34.7462566,-82.3567165,EDUCATION AND TRAINING (CB),864-299-4161
270,"1712 FRANKLIN RD., WEST POINT, IA, 52654",40.709815,-91.4868089,ELECTRICIAN,319-470-1875
271,"PO BOX 250, EMMETT, ID, 83617",43.8734978,-116.4993012,LINE REPAIRER,208-369-1763
272,"420 28TH ST NORTH, LEWISTON, ID, 83501",46.426237,-116.991974,ELECTRICIAN,208-746-5573
273,"3653 ROBIN ROAD, FURLONG, PA, 18925",40.3056249,-75.0875624,ELECTRICIAN,215-240-2331
274,"18375 LANDIS RD, ANAMOSA, IA, 52205",42.0690559,-91.2473234,PLUMBER,319-462-4485
275,"811 SW ORDNANCE RD, ANKENY, IA, 50023",41.723944,-93.610255,ELECTRICIAN,515-965-7272
276,"811 SW ORDNANCE RD, ANKENY, IA, 50023",41.723944,-93.610255,HEATING & AIR-COND INST-SERV,515-965-7272
277,"PO BOX 219, LAMARQUE, TX, 77568",29.3605746,-94.9662608,MACHINIST,409-935-8371
278,"82 E RIDGE RD, SHERIDAN, WY, 82801",44.7955169,-106.9283449,CARPENTER,307-672-9001
279,"956 MAIN, MOAB, UT, 84532",38.5584739,-109.545207,ELECTRICIAN,435-259-5723
280,"4240 TURKEY CREEK RD NE, IOWA CITY, IA, 52240",41.730941,-91.516634,ELECTRICIAN,319-541-5831
281,"3665 STRAITS HWY, CHEBOYGAN, MI, 49721",45.513229,-84.559016,ELECTRICIAN,231-597-9541
282,"PO Box 84455, FAIRBANKS, AK, 99708",64.84,-147.72,RESIDENTIAL ELECTRICAL WIREMAN,907-374-8088
283,"301 N 4TH ST, VICKSBURG, MI, 49097",42.1232623,-85.54461239999999,"MOLD MAKER, DIE-CAST & PLAST",269-649-0600
284,"192 BARTLETT ST., MANCHESTER, NH, 03102",42.9879195,-71.48202049999999,PLUMBER,603-626-7473
285,"80 CLEVELAND ST, NASHVILLE, TN, 37207",36.186427,-86.774481,ELECTRICIAN,615-824-5836
286,"124 E COLLINS RD, FORT WAYNE, IN, 46825",41.1217203,-85.1419552,PLUMBER,260-492-2070
287,"1235 HOLDEN AVE, PO BOX 640, MILFORD, MI, 48381",42.555302,-83.614677,MACHINIST,248-685-9500
288,"919 HWY 33, STE 28, FREEHOLD, NJ, 07728",40.237734,-74.225899,PLUMBER,732-462-4484
289,"108 ROYAL STREET, RAVENSWOOD, WV, 26164",38.9526134,-81.7660315,CHILD CARE DEV SPECIALIST,304-273-0333
290,"142 KING DRIVE, EVANS, WV, 25241",38.813218,-81.786589,CHILD CARE DEV SPECIALIST,304-372-3934
291,"10483 HENRY COUNTY ROAD, GRAND RAPIDS, OH, 43522",41.4504923,-83.8829624,ELECTRICIAN,419-832-4924
292,"151 EMMANS RD, FLANDERS, NJ, 07836",40.864291,-74.669984,ELECTRICIAN,973-584-5588
293,"150 LITTLE FALLS ROAD, FAIRFIELD, NJ, 07004",40.886629,-74.26579199999999,PLUMBER,973-402-7772
294,"PO BOX 1582, OAK HILL, WV, 25901",37.9485511,-81.1085744,CHILD CARE DEV SPECIALIST,304-469-6687
295,"305 N. EAST AVE., KANKAKEE, IL, 60901",41.1236053,-87.8649329,AUTOMATED ACCESS SYSTEMS TECH,815-932-2684
296,"245 HYDE RD, PO Box 274, CLARKLAKE, MI, 49234",42.114764,-84.344544,ELECTRICIAN,517-529-0000
297,"574 MANTOLOKING ROAD, BRICK, NJ, 08723",40.04559,-74.10699799999999,ELECTRICIAN,(732)477-5979
298,"80 INDUSTRIAL RD, BERKELEY HEIGHTS, NJ, 07922",40.680614,-74.434614,PLUMBER,908-665-8118
299,"9811 CARNEGIE AVE, EL PASO, TX, 79925",31.796969,-106.353408,PIPE FITTER - SPRINKLER FITTER,915-590-8300
300,"9811 CARNEGIE AVE, EL PASO, TX, 79925",31.796969,-106.353408,"WELDER, COMBINATION",915-590-8300
301,"12501 BEREA RD, CLEVELAND, OH, 44111",41.4713788,-81.7752273,DIESEL MECHANIC,216-362-7915
302,"140 BOWER HILL ROAD, VENETIA, PA, 15367",40.2445825,-80.0641182,ELECTRICIAN,724-969-0901
303,"1501 SW EVANS, DES MOINES, IA, 50315",41.540419,-93.636647,ELECTRICIAN,515-287-2383
304,"1721 SEPTEMBER AVE, MEMPHIS, TN, 38116",35.054432,-90.006507,ELECTRICIAN,901-244-6617
305,"3263 MONROE ST, TOLEDO, OH, 43606",41.666966,-83.57652399999999,HEATING & AIR-COND INST-SERV,419-243-4871
306,"624 INDUSTRIAL ROAD, BRISTOW, OK, 74010",35.823107,-96.401061,TOOL AND DIE MAKER,918-367-2788
307,"508 NORTH FIRST STREET, WARNER ROBINS, GA, 31093",32.6258058,-83.6021714,ELECTRICIAN,478-922-9977
308,"9278 MCCOMBS, EL PASO, TX, 79924",31.875301,-106.40581,"WELDER, COMBINATION",915-751-2010
309,"7 East Stow Road, Marlton, NJ, 08053",39.9152,-74.9302,PLUMBER,856-985-9909
310,"206 OVERLOOK DRIVE, SEWICKLEY, PA, 15143",40.528809,-80.136911,HEATING & AIR-COND INST-SERV,412-741-9420
311,"PO BOX 1603, AMES, IA, 50010",42.0320531,-93.5913939,SHEET METAL WORKER,515-244-0606
312,"PO BOX 1603, AMES, IA, 50010",42.0320531,-93.5913939,HEATING & AIR-COND INST-SERV,515-244-0606
313,"PO BOX 1117, ROCHESTER, NH, 03866",43.3109084,-70.9745938,PLUMBER,(603) 335-1800
314,"544 HIGHRIDGE AVE, CLIFFSIDE PARK, NJ, 07010",40.825344,-73.993883,PLUMBER,201-280-6962
315,"529 UNION HILL RD, ENGLISHTOWN, NJ, 07726",40.344396,-74.295663,PLUMBER,732-545-3332
316,"5450 LOCUST RD SW, CEDAR RAPIDS, IA, 52404",41.9251273,-91.6862154,ELECTRICIAN,319-366-0629
317,"5606 AXEL PARK ROAD  (9580 S), WEST JORDAN, UT, 84081",40.57513,-112.024676,PLUMBER,801-282-1404
318,"2305 ELM ST., YOUNGSTOWN, OH, 44505",41.130142,-80.64494499999999,RESIDENTIAL CARPENTER,330-746-2541
319,"8409 OLIVE, ST. LOUIS, MO, 63132",38.6739854,-90.3539313,PIPE FITTER (Const),314-569-3511
320,"8409 OLIVE, ST. LOUIS, MO, 63132",38.6739854,-90.3539313,PLUMBER,314-569-3511
321,"8409 OLIVE, ST. LOUIS, MO, 63132",38.6739854,-90.3539313,SHEET METAL WORKER,314-569-3511
322,"8409 OLIVE, ST. LOUIS, MO, 63132",38.6739854,-90.3539313,HEATING & AIR-COND INST-SERV,314-569-3511
323,"425 INDUSTRIAL AVE, MORGANTOWN, WV, 26505",39.660283,-79.989852,HEATING & AIR-COND INST-SERV,304-581-6767
324,"48 WEST FARMS ROAD, FARMINGDALE, NJ, 07727",40.198749,-74.188085,PLUMBER,732-462-2224
325,"4660 S HAGADORN RD, STE 290, EAST LANSING, MI, 48823",42.7175276,-84.4605315,IT GENERALIST (CB),517-347-1100
326,"4660 S HAGADORN RD, STE 290, EAST LANSING, MI, 48823",42.7175276,-84.4605315,APPLICATION DEVELOPER (CB),517-347-1100
327,"4660 S HAGADORN RD, STE 290, EAST LANSING, MI, 48823",42.7175276,-84.4605315,NETWORK SUPPORT TECHNICIAN (CB),517-347-1100
328,"705 Canal Street, ALBANY, GA, 31707",31.565059,-84.216695,ELECTRICIAN,229-888-8347
329,"1828 HOLLY ROAD, NORTH BRUNSWICK, NJ, 08902",40.4467777,-74.4817502,ELECTRICIAN,732-940-9660
330,"15581 OAKWOOD DR, ROMULUS, MI, 48183",42.187294,-83.3914549,ELECTRICIAN,734-941-8200
331,"5515 CHANTRY DR, COLUMBUS, OH, 43232",39.925311,-82.8442649,"MOLD MAKER, DIE-CAST & PLAST",614-863-6866
332,"5515 CHANTRY DR, COLUMBUS, OH, 43232",39.925311,-82.8442649,TOOL AND DIE MAKER,614-863-6866
333,"3128 EAST 17TH AVENUE, SUITE E, COLUMBUS, OH, 43219",39.998696,-82.92285199999999,ELECTRICIAN,614-473-1050
334,"4 DEER TRAIL, KINNELON, NJ, 07405",41.010948,-74.40311899999999,PLUMBER,973-850-7939
335,"811 NORTHWOODS BLVD, VANDALIA, OH, 45377",39.90308,-84.180966,NUMERICAL CONTROL MACH OP,937-387-0300
336,"2752 WALNUT AVENUE, TUSTIN, CA, 92780",33.714212,-117.806437,ELECTRICIAN,715-450-5197
337,"11 BONNELL STREET, CHATHAM, NJ, 07928",40.7263732,-74.3849716,PIPE FITTER (Const),(973) 635-5907
338,"11 BONNELL STREET, CHATHAM, NJ, 07928",40.7263732,-74.3849716,PLUMBER,(973) 635-5907
339,"14504 SR 4, GOSHEN, IN, 46528",41.5997,-85.743956,PLUMBER,574-215-3046
340,"3621 ARTHUR ST, CALDWELL, ID, 83605",43.645031,-116.655947,ELECTRICIAN,208-459-8959
341,"3050 SWITZER AVENUE, COLUMBUS, OH, 43219",39.995747,-82.924221,PLUMBER,614-475-7071
342,"P.O.BOX 3189, AGANA, GU, 96910",13.4760985,144.751572,"DRAFTER, ELECTRICAL",(671) 722-2284
343,"379 PRINCETON HIGHTSTOWN RD., CRANBURY, NJ, 08512",40.2869024,-74.56740839999999,CARPENTER,609-799-1333
344,"P. O. BOX 560787, ORLANDO, FL, 32856",28.5110829,-81.3722543,HEATING & AIR-COND INST-SERV,407-260-2206
345,"7837 LANAC ST, LANSING, MI, 48917",42.7020741,-84.6668581,ELECTRICIAN,517-230-7003
346,"P.O. BOX 211, HAGATNA, GU, 96932",13.4708908,144.7512782,REFRIGERATION MECH (Any Ind),671-898-4016
347,"1618 EXCHANGE PKWY, WACO, TX, 76712",31.4991502,-97.17379679999999,PROTECTIVE-SIGNAL INSTALLER,254-776-8887
348,"PO BOX 4613, DAVENPORT, IA, 52808",41.5212411,-90.5864292,HEATING & AIR-COND INST-SERV,309-269-0129
349,"6461 VALLEY INDUSTRIAL DR., KALAMAZOO, MI, 49009",42.2519832,-85.6771687,PLUMBER,(269)375-9003
350,"6461 VALLEY INDUSTRIAL DR., KALAMAZOO, MI, 49009",42.2519832,-85.6771687,SHEET METAL WORKER,(269)375-9003
351,"4972 F ST, OMAHA, NE, 68117",41.220541,-95.98968099999999,SHEET METAL WORKER,402-593-7500
352,"2878 BAYLIS, ANN ARBOR, MI, 48108",42.241698,-83.72445499999999,ELECTRICIAN,734-834-1107
353,"115 E 11TH AVE, ROSELLE, NJ, 07203",40.648067,-74.260031,PLUMBER,908-259-9800
354,"115 E 11TH AVE, ROSELLE, NJ, 07203",40.648067,-74.260031,HEATING & AIR-COND INST-SERV,908-259-9800
355,"9740 ALMENA DRIVE, KALAMAZOO, MI, 49009",42.2864171,-85.74100729999999,ELECTRICIAN,269-372-3440
356,"1606 ROUTE 27, EDISON, NJ, 08817",40.5083196,-74.4121699,PLUMBER,732-985-4428
357,"7428 MEXICO RD, ST. PETERS, MO, 63376",38.7903136,-90.6365983,HEATING & AIR-COND INST-SERV,314-600-2659
358,"1600 N BROADWAY, RED OAK, IA, 51566",41.0185215,-95.2327528,HEATING & AIR-COND INST-SERV,712-623-9614
359,"3601 W. MCGILL ST., SOUTH BEND, IN, 46628",41.7203322,-86.2995498,TOOL AND DIE MAKER,574-246-1222
360,"4636 VALLEYVIEW BLVD. - PO BOX 1540, ASHTABULA, OH, 44005",41.863713,-80.77787699999999,"MOLD MAKER, DIE-CAST & PLAST",440-998-2040
361,"6611 S. MERIDIAN, OKLAHOMA CITY, OK, 73159",35.39950839999999,-97.6018759,AIRFRAME MECHANIC,405-218-3000
362,"104 DIXIE WAY NORTH - P.O. BOX 10008, SOUTH BEND, IN, 46637",41.7159797,-86.25008179999999,PLUMBER,574-299-1002
363,"3112 SW TOWNPARK DR, ANKENY, IA, 50023",41.69803599999999,-93.63656999999999,ELECTRICIAN,515-729-9000
364,"1825 W. ADAMS , PHOENIX, AZ, 85007",33.448873,-112.099421,CARPENTER,(602) 274-8222
365,"1825 W. ADAMS , PHOENIX, AZ, 85007",33.448873,-112.099421,ELECTRICIAN,(602) 274-8222
366,"1825 W. ADAMS , PHOENIX, AZ, 85007",33.448873,-112.099421,FORM BUILDER (Const),(602) 274-8222
367,"1825 W. ADAMS , PHOENIX, AZ, 85007",33.448873,-112.099421,CONSTRUCTION EQUIP MECHANIC,(602) 274-8222
368,"1825 W. ADAMS , PHOENIX, AZ, 85007",33.448873,-112.099421,OPERATING ENGINEER (HY),(602) 274-8222
369,"1825 W. ADAMS , PHOENIX, AZ, 85007",33.448873,-112.099421,PIPE FITTER (Const),(602) 274-8222
370,"1825 W. ADAMS , PHOENIX, AZ, 85007",33.448873,-112.099421,PLUMBER,(602) 274-8222
371,"1825 W. ADAMS , PHOENIX, AZ, 85007",33.448873,-112.099421,SHEET METAL WORKER,(602) 274-8222
372,"1825 W. ADAMS , PHOENIX, AZ, 85007",33.448873,-112.099421,SIGN ERECTOR I,(602) 274-8222
373,"1825 W. ADAMS , PHOENIX, AZ, 85007",33.448873,-112.099421,HEATING & AIR-COND INST-SERV,(602) 274-8222
374,"99 DAVIDSON MILL RD., NORTH BRUNSWICK, NJ, 08902",40.4115972,-74.485982,PLUMBER,732-821-7794
375,"502 LONG LANE, PO BOX 14384, OLEY, PA, 19547",40.415792,-75.719861,ELECTRICIAN,610-921-2106
376,"405 DURA AVE, TOLEDO, OH, 43612",41.701101,-83.53754,TOOL MAKER,419-476-6742
377,"405 DURA AVE, TOLEDO, OH, 43612",41.701101,-83.53754,WELDERFITTER,419-476-6742
378,"769 ROUTE 302, LISBON, NH, 03585",44.2240558,-71.8942253,PLUMBER,(603) 838-6515
379,"420 W. FLEET STREET, ABBOTTSTOWN, PA, 17301",39.883085,-76.99142499999999,MACHINIST,717-259-0112
380,"12979 Arroyo Ave, SAN FERNANDO, CA, 91340",34.286766,-118.422655,ELECTRICIAN,818-898-2099
381,"13825 KIRKHAM WAY, POWAY, CA, 92064",32.933901,-117.031672,CARPENTER,858-513-4700
382,"13825 KIRKHAM WAY, POWAY, CA, 92064",32.933901,-117.031672,ELECTRICIAN,858-513-4700
383,"13825 KIRKHAM WAY, POWAY, CA, 92064",32.933901,-117.031672,OPERATING ENGINEER,858-513-4700
384,"13825 KIRKHAM WAY, POWAY, CA, 92064",32.933901,-117.031672,PIPE FITTER (Const),858-513-4700
385,"13825 KIRKHAM WAY, POWAY, CA, 92064",32.933901,-117.031672,PLUMBER,858-513-4700
386,"13825 KIRKHAM WAY, POWAY, CA, 92064",32.933901,-117.031672,SHEET METAL WORKER,858-513-4700
387,"13825 KIRKHAM WAY, POWAY, CA, 92064",32.933901,-117.031672,SOUND TECHNICIAN,858-513-4700
388,"13825 KIRKHAM WAY, POWAY, CA, 92064",32.933901,-117.031672,HEATING & AIR-COND INST-SERV,858-513-4700
389,"13825 KIRKHAM WAY, POWAY, CA, 92064",32.933901,-117.031672,"CARPENTER, INTERIOR SYSTEMS",858-513-4700
390,"1400 N KELLOGG DR STE A, ANAHEIM, CA, 92807",33.861845,-117.805649,ELECTRICIAN,714-779-3187
391,"1400 N KELLOGG DR STE A, ANAHEIM, CA, 92807",33.861845,-117.805649,OPERATING ENGINEER,714-779-3187
392,"1400 N KELLOGG DR STE A, ANAHEIM, CA, 92807",33.861845,-117.805649,PLUMBER,714-779-3187
393,"1400 N KELLOGG DR STE A, ANAHEIM, CA, 92807",33.861845,-117.805649,SHEET METAL WORKER,714-779-3187
394,"1400 N KELLOGG DR STE A, ANAHEIM, CA, 92807",33.861845,-117.805649,TELECOMMUNICATIONS TECHNICIAN,714-779-3187
395,"1400 N KELLOGG DR STE A, ANAHEIM, CA, 92807",33.861845,-117.805649,HEATING & AIR-COND INST-SERV,714-779-3187
396,"1400 N KELLOGG DR STE A, ANAHEIM, CA, 92807",33.861845,-117.805649,CONSTRUCTION CRAFT LABORER,714-779-3187
397,"1900 W. Benson Blvd. #201, ANCHORAGE, AK, 99517",61.1940378,-149.9195424,CARPENTER,907-565-5600
398,"1900 W. Benson Blvd. #201, ANCHORAGE, AK, 99517",61.1940378,-149.9195424,ELECTRICIAN,907-565-5600
399,"1900 W. Benson Blvd. #201, ANCHORAGE, AK, 99517",61.1940378,-149.9195424,GLAZIER,907-565-5600
400,"1900 W. Benson Blvd. #201, ANCHORAGE, AK, 99517",61.1940378,-149.9195424,LINE ERECTOR,907-565-5600
401,"1900 W. Benson Blvd. #201, ANCHORAGE, AK, 99517",61.1940378,-149.9195424,OPERATING ENGINEER,907-565-5600
402,"1900 W. Benson Blvd. #201, ANCHORAGE, AK, 99517",61.1940378,-149.9195424,PAINTER (Const),907-565-5600
403,"1900 W. Benson Blvd. #201, ANCHORAGE, AK, 99517",61.1940378,-149.9195424,PIPE FITTER (Const),907-565-5600
404,"1900 W. Benson Blvd. #201, ANCHORAGE, AK, 99517",61.1940378,-149.9195424,PIPE FITTER - SPRINKLER FITTER,907-565-5600
405,"1900 W. Benson Blvd. #201, ANCHORAGE, AK, 99517",61.1940378,-149.9195424,PLUMBER,907-565-5600
406,"1900 W. Benson Blvd. #201, ANCHORAGE, AK, 99517",61.1940378,-149.9195424,ROOFER,907-565-5600
407,"1900 W. Benson Blvd. #201, ANCHORAGE, AK, 99517",61.1940378,-149.9195424,SHEET METAL WORKER,907-565-5600
408,"1900 W. Benson Blvd. #201, ANCHORAGE, AK, 99517",61.1940378,-149.9195424,HEATING & AIR-COND INST-SERV,907-565-5600
409,"1900 W. Benson Blvd. #201, ANCHORAGE, AK, 99517",61.1940378,-149.9195424,CONSTRUCTION CRAFT LABORER,907-565-5600
410,"1900 W. Benson Blvd. #201, ANCHORAGE, AK, 99517",61.1940378,-149.9195424,INSULATION WORKER,907-565-5600
411,"1900 W. Benson Blvd. #201, ANCHORAGE, AK, 99517",61.1940378,-149.9195424,ELECTRONIC SYSTEMS TECH,907-565-5600
412,"5001 NORTH SHADELAND AVENUE, INDIANAPOLIS, IN, 46226",39.8452399,-86.044522,BOILERMAKER I,317-596-4950
413,"5001 NORTH SHADELAND AVENUE, INDIANAPOLIS, IN, 46226",39.8452399,-86.044522,BRICKLAYER (Construction),317-596-4950
414,"5001 NORTH SHADELAND AVENUE, INDIANAPOLIS, IN, 46226",39.8452399,-86.044522,CARPENTER,317-596-4950
415,"5001 NORTH SHADELAND AVENUE, INDIANAPOLIS, IN, 46226",39.8452399,-86.044522,CEMENT MASON,317-596-4950
416,"5001 NORTH SHADELAND AVENUE, INDIANAPOLIS, IN, 46226",39.8452399,-86.044522,ELECTRICIAN,317-596-4950
417,"5001 NORTH SHADELAND AVENUE, INDIANAPOLIS, IN, 46226",39.8452399,-86.044522,GLAZIER,317-596-4950
418,"5001 NORTH SHADELAND AVENUE, INDIANAPOLIS, IN, 46226",39.8452399,-86.044522,LINE ERECTOR,317-596-4950
419,"5001 NORTH SHADELAND AVENUE, INDIANAPOLIS, IN, 46226",39.8452399,-86.044522,LINE MAINTAINER,317-596-4950
420,"5001 NORTH SHADELAND AVENUE, INDIANAPOLIS, IN, 46226",39.8452399,-86.044522,MAINT MECH (Any Ind),317-596-4950
421,"5001 NORTH SHADELAND AVENUE, INDIANAPOLIS, IN, 46226",39.8452399,-86.044522,"MAINTENANCE REPAIRER, BUILD",317-596-4950
422,"5001 NORTH SHADELAND AVENUE, INDIANAPOLIS, IN, 46226",39.8452399,-86.044522,MILLWRIGHT,317-596-4950
423,"5001 NORTH SHADELAND AVENUE, INDIANAPOLIS, IN, 46226",39.8452399,-86.044522,OPERATING ENGINEER,317-596-4950
424,"5001 NORTH SHADELAND AVENUE, INDIANAPOLIS, IN, 46226",39.8452399,-86.044522,PAINTER (Const),317-596-4950
425,"5001 NORTH SHADELAND AVENUE, INDIANAPOLIS, IN, 46226",39.8452399,-86.044522,PIPE FITTER (Const),317-596-4950
426,"5001 NORTH SHADELAND AVENUE, INDIANAPOLIS, IN, 46226",39.8452399,-86.044522,PIPE FITTER - SPRINKLER FITTER,317-596-4950
427,"5001 NORTH SHADELAND AVENUE, INDIANAPOLIS, IN, 46226",39.8452399,-86.044522,PLUMBER,317-596-4950
428,"5001 NORTH SHADELAND AVENUE, INDIANAPOLIS, IN, 46226",39.8452399,-86.044522,ROOFER,317-596-4950
429,"5001 NORTH SHADELAND AVENUE, INDIANAPOLIS, IN, 46226",39.8452399,-86.044522,SHEET METAL WORKER,317-596-4950
430,"5001 NORTH SHADELAND AVENUE, INDIANAPOLIS, IN, 46226",39.8452399,-86.044522,"WELDER, COMBINATION",317-596-4950
431,"5001 NORTH SHADELAND AVENUE, INDIANAPOLIS, IN, 46226",39.8452399,-86.044522,HEATING & AIR-COND INST-SERV,317-596-4950
432,"5001 NORTH SHADELAND AVENUE, INDIANAPOLIS, IN, 46226",39.8452399,-86.044522,CONSTRUCTION CRAFT LABORER,317-596-4950
433,"5001 NORTH SHADELAND AVENUE, INDIANAPOLIS, IN, 46226",39.8452399,-86.044522,"ASSEMBLER, METAL BUILDING",317-596-4950
434,"5001 NORTH SHADELAND AVENUE, INDIANAPOLIS, IN, 46226",39.8452399,-86.044522,INSULATION WORKER,317-596-4950
435,"5001 NORTH SHADELAND AVENUE, INDIANAPOLIS, IN, 46226",39.8452399,-86.044522,ELECTRONIC SYSTEMS TECH,317-596-4950
436,"3540 PAN AMERICAN FRWY NE SUITE F, ALBUQUERQUE, NM, 87108",35.1218986,-106.6221336,CARPENTER,(505) 830-4222
437,"3540 PAN AMERICAN FRWY NE SUITE F, ALBUQUERQUE, NM, 87107",35.1218986,-106.6221336,DRY-WALL APPLICATOR,505-830-4222
438,"3540 PAN AMERICAN FRWY NE SUITE F, ALBUQUERQUE, NM, 87107",35.1218986,-106.6221336,ELECTRICIAN,(505) 830-4222
439,"5070 ARVILLE STREET, SUITE 4, LAS VEGAS, NV, 89118",36.0977537,-115.1986143,CARPENTER,702-227-0536
440,"5070 ARVILLE STREET, SUITE 4, LAS VEGAS, NV, 89118",36.0977537,-115.1986143,ELECTRICIAN,702-227-0536
441,"5070 ARVILLE STREET, SUITE 4, LAS VEGAS, NV, 89118",36.0977537,-115.1986143,PAINTER (Const),702-227-0536
442,"2222 WILSON RD, COLUMBUS, OH, 43228",40.0008168,-83.1148377,BRICKLAYER (Construction),614-529-4300
443,"2222 WILSON RD, COLUMBUS, OH, 43228",40.0008168,-83.1148377,CARPENTER,614-529-4300
444,"2222 WILSON RD, COLUMBUS, OH, 43228",40.0008168,-83.1148377,CEMENT MASON,614-529-4300
445,"2222 WILSON RD, COLUMBUS, OH, 43228",40.0008168,-83.1148377,ELECTRICIAN,614-529-4300
446,"2222 WILSON RD, COLUMBUS, OH, 43228",40.0008168,-83.1148377,FLOOR LAYER,614-529-4300
447,"2222 WILSON RD, COLUMBUS, OH, 43228",40.0008168,-83.1148377,INSTRUMENTATION TECHNICIAN,614-529-4300
448,"2222 WILSON RD, COLUMBUS, OH, 43228",40.0008168,-83.1148377,LOCKSMITH,614-529-4300
449,"2222 WILSON RD, COLUMBUS, OH, 43228",40.0008168,-83.1148377,MILLWRIGHT,614-529-4300
450,"2222 WILSON RD, COLUMBUS, OH, 43228",40.0008168,-83.1148377,OPERATING ENGINEER,614-529-4300
451,"2222 WILSON RD, COLUMBUS, OH, 43228",40.0008168,-83.1148377,PAINTER (Const),614-529-4300
452,"2222 WILSON RD, COLUMBUS, OH, 43228",40.0008168,-83.1148377,PIPE FITTER (Const),614-529-4300
453,"2222 WILSON RD, COLUMBUS, OH, 43228",40.0008168,-83.1148377,PLASTERER,614-529-4300
454,"2222 WILSON RD, COLUMBUS, OH, 43228",40.0008168,-83.1148377,PLUMBER,614-529-4300
455,"2222 WILSON RD, COLUMBUS, OH, 43228",40.0008168,-83.1148377,ROOFER,614-529-4300
456,"2222 WILSON RD, COLUMBUS, OH, 43228",40.0008168,-83.1148377,SHEET METAL WORKER,614-529-4300
457,"2222 WILSON RD, COLUMBUS, OH, 43228",40.0008168,-83.1148377,HEATING & AIR-COND INST-SERV,614-529-4300
458,"2222 WILSON RD, COLUMBUS, OH, 43228",40.0008168,-83.1148377,CONSTRUCTION CRAFT LABORER,614-529-4300
459,"2222 WILSON RD, COLUMBUS, OH, 43228",40.0008168,-83.1148377,STRUCTURAL STEEL/IRONWORKER,614-529-4300
460,"2222 WILSON RD, COLUMBUS, OH, 43228",40.0008168,-83.1148377,"ASSEMBLER, METAL BUILDING",614-529-4300
461,"2222 WILSON RD, COLUMBUS, OH, 43228",40.0008168,-83.1148377,INSULATION WORKER,614-529-4300
462,"2222 WILSON RD, COLUMBUS, OH, 43228",40.0008168,-83.1148377,ELECTRONIC SYSTEMS TECH,614-529-4300
463,"814 ARION PARKWAY, STE. 204, SAN ANTONIO, TX, 78216",29.5500899,-98.48243169999999,BOILERMAKER I,210-342-1994
464,"814 ARION PARKWAY, STE. 204, SAN ANTONIO, TX, 78216",29.5500899,-98.48243169999999,CARPENTER,210-342-1994
465,"814 ARION PARKWAY, STE. 204, SAN ANTONIO, TX, 78216",29.5500899,-98.48243169999999,DRY-WALL APPLICATOR,210-342-1994
466,"814 ARION PARKWAY, STE. 204, SAN ANTONIO, TX, 78216",29.5500899,-98.48243169999999,ELECTRICIAN,210-342-1994
467,"814 ARION PARKWAY, STE. 204, SAN ANTONIO, TX, 78216",29.5500899,-98.48243169999999,GLAZIER,210-342-1994
468,"814 ARION PARKWAY, STE. 204, SAN ANTONIO, TX, 78216",29.5500899,-98.48243169999999,MILLWRIGHT,210-342-1994
469,"814 ARION PARKWAY, STE. 204, SAN ANTONIO, TX, 78216",29.5500899,-98.48243169999999,PAINTER (Const),210-342-1994
470,"814 ARION PARKWAY, STE. 204, SAN ANTONIO, TX, 78216",29.5500899,-98.48243169999999,PIPE FITTER (Const),210-342-1994
471,"814 ARION PARKWAY, STE. 204, SAN ANTONIO, TX, 78216",29.5500899,-98.48243169999999,PIPE FITTER - SPRINKLER FITTER,210-342-1994
472,"814 ARION PARKWAY, STE. 204, SAN ANTONIO, TX, 78216",29.5500899,-98.48243169999999,PLUMBER,210-342-1994
473,"814 ARION PARKWAY, STE. 204, SAN ANTONIO, TX, 78216",29.5500899,-98.48243169999999,SHEET METAL WORKER,210-342-1994
474,"814 ARION PARKWAY, STE. 204, SAN ANTONIO, TX, 78216",29.5500899,-98.48243169999999,HEATING & AIR-COND INST-SERV,210-342-1994
475,"814 ARION PARKWAY, STE. 204, SAN ANTONIO, TX, 78216",29.5500899,-98.48243169999999,INSTRUMENT MECHANIC (Any Ind),210-342-1994
476,"814 ARION PARKWAY, STE. 204, SAN ANTONIO, TX, 78216",29.5500899,-98.48243169999999,CONSTRUCTION CRAFT LABORER,210-342-1994
477,"814 ARION PARKWAY, STE. 204, SAN ANTONIO, TX, 78216",29.5500899,-98.48243169999999,STRUCTURAL STEEL/IRONWORKER,210-342-1994
478,"814 ARION PARKWAY, STE. 204, SAN ANTONIO, TX, 78216",29.5500899,-98.48243169999999,INSULATION WORKER,210-342-1994
479,"814 ARION PARKWAY, STE. 204, SAN ANTONIO, TX, 78216",29.5500899,-98.48243169999999,ELECTRONIC SYSTEMS TECH,210-342-1994
480,"33 GREENWOOD LN, SPRINGBORO, OH, 45066",39.565202,-84.26513,BRICKLAYER (Construction),937-704-0111
481,"33 GREENWOOD LN, SPRINGBORO, OH, 45066",39.565202,-84.26513,CARPENTER,937-704-0111
482,"33 GREENWOOD LN, SPRINGBORO, OH, 45066",39.565202,-84.26513,ELECTRICIAN,937-704-0111
483,"33 GREENWOOD LN, SPRINGBORO, OH, 45066",39.565202,-84.26513,FLOOR LAYER,937-704-0111
484,"33 GREENWOOD LN, SPRINGBORO, OH, 45066",39.565202,-84.26513,OPERATING ENGINEER,937-704-0111
485,"33 GREENWOOD LN, SPRINGBORO, OH, 45066",39.565202,-84.26513,PAINTER (Const),937-704-0111
486,"33 GREENWOOD LN, SPRINGBORO, OH, 45066",39.565202,-84.26513,PIPE FITTER (Const),937-704-0111
487,"33 GREENWOOD LN, SPRINGBORO, OH, 45066",39.565202,-84.26513,PLUMBER,937-704-0111
488,"33 GREENWOOD LN, SPRINGBORO, OH, 45066",39.565202,-84.26513,ROOFER,937-704-0111
489,"33 GREENWOOD LN, SPRINGBORO, OH, 45066",39.565202,-84.26513,SHEET METAL WORKER,937-704-0111
490,"33 GREENWOOD LN, SPRINGBORO, OH, 45066",39.565202,-84.26513,"WELDER, COMBINATION",937-704-0111
491,"33 GREENWOOD LN, SPRINGBORO, OH, 45066",39.565202,-84.26513,HEATING & AIR-COND INST-SERV,937-704-0111
492,"33 GREENWOOD LN, SPRINGBORO, OH, 45066",39.565202,-84.26513,CONSTRUCTION CRAFT LABORER,937-704-0111
493,"33 GREENWOOD LN, SPRINGBORO, OH, 45066",39.565202,-84.26513,STRUCTURAL STEEL/IRONWORKER,937-704-0111
494,"33 GREENWOOD LN, SPRINGBORO, OH, 45066",39.565202,-84.26513,INSULATION WORKER,937-704-0111
495,"3720  COCONUT CREEK PARKWAY SUITE D, COCONUT CREEK, FL, 33066",26.244153,-80.17396900000001,CARPENTER,954-580-2950
496,"3720  COCONUT CREEK PARKWAY SUITE D, COCONUT CREEK, FL, 33066",26.244153,-80.17396900000001,ELECTRICIAN,954-580-2950
497,"3720  COCONUT CREEK PARKWAY SUITE D, COCONUT CREEK, FL, 33066",26.244153,-80.17396900000001,PIPE FITTER (Const),954-580-2950
498,"3720 COCONUT CREEK PARKWAY SUITE D, COCONUT CREEK, FL, 33066",26.244153,-80.17396900000001,LINE ERECTOR,954-580-2950
499,"3720  COCONUT CREEK PARKWAY SUITE D, COCONUT CREEK, FL, 33066",26.244153,-80.17396900000001,PIPE FITTER (Const),954-580-2920
500,"3720  COCONUT CREEK PARKWAY SUITE D, COCONUT CREEK, FL, 33066",26.244153,-80.17396900000001,PIPE FITTER - SPRINKLER FITTER,954-580-2920
501,"3720 Coconut Creek Parkway Suite D, Coconut Creek, FL, 33066",26.244153,-80.17396900000001,PLUMBER,954-580-2920
502,"3730 COCONUT CREEK PARKWAY SUITE #201, POMPANO BEACH, FL, 33066",26.2445987,-80.17412209999999,SHEET METAL WORKER,954-984-0075
503,"3720 COCONUT CREEK PKWY SUITE D, COCONUT CREEK, FL, 33066",26.244153,-80.17396900000001,CARPENTER,954-580-2950
504,"3540 PAN AMERICAN FRWY NE SUITE F, ALBUQUERQUE, NM, 87107",35.1218986,-106.6221336,STRUCTURAL STEEL/IRONWORKER,(505) 830-4222
505,"240 S ROCK BLVD, #121, RENO, NV, 89520",39.51392999999999,-119.7611603,"MAINTENANCE REPAIRER, BUILD",775-358-7888
506,"240 S. ROCK SUITE 121, RENO, NV, 89502",39.51392999999999,-119.7611603,CARPENTER,702-227-0536
507,"240 S. ROCK SUITE 121, RENO, NV, 89502",39.51392999999999,-119.7611603,ELECTRICIAN,702-227-0536
508,"240 S. ROCK SUITE 121, RENO, NV, 89502",39.51392999999999,-119.7611603,PLUMBER,702-227-0536
509,"240 S. ROCK SUITE 121, RENO, NV, 89502",39.51392999999999,-119.7611603,RESIDENTIAL ELECTRICAL WIREMAN,702-227-0536
510,"240 S ROCK BLVD, #121, RENO, NV, 89502",39.51392999999999,-119.7611603,ELECTRONICS UTILITY WORKER,775-358-7888
511,"240 S ROCK BLVD, #121, RENO, NV, 89502",39.51392999999999,-119.7611603,PLUMBER,775-358-7888
512,"240 SOUTH ROCK BLVD # 121, RENO, NV, 89121",39.51392999999999,-119.7611603,TELECOMMUNICATIONS TECHNICIAN,775-358-7888
513,"3540 PAN AMERICAN FRWY SUITE F, ALBUQUERQUE, NM, 87110",35.1218484,-106.6222371,PIPE FITTER (Const),(505) 830-4222
514,"3540 PAN AMERICAN FRWY SUITE F, ALBUQUERQUE, NM, 87110",35.1218484,-106.6222371,PLUMBER,(505) 830-4222
515,"5070 ARVILLE STREET SUITE 6, LAS VEGAS, NV, 89118",36.0977537,-115.1986143,SHEET METAL WORKER,702-227-0536
516,"3540 PAN AMERICAN FRWY NE SUITE F, ALBUQUERQUE, NM, 87110",35.1218986,-106.6221336,SHEET METAL WORKER,(505) 830-4222
517,"5070 ARVILLE ST, STE 6, LAS VEGAS, NV, 89118",36.0977537,-115.1986143,TELECOMMUNICATIONS TECHNICIAN,702-227-0536
518,"3500 SPRING GARDEN AVE, PITTSBURGH, PA, 15212",40.483104,-79.996855,BRICKLAYER (Construction),412-231-1446
519,"3500 SPRING GARDEN AVE, PITTSBURGH, PA, 15212",40.483104,-79.996855,CARPENTER,412-231-1446
520,"3500 SPRING GARDEN AVE, PITTSBURGH, PA, 15212",40.483104,-79.996855,ELECTRICIAN,412-231-1446
521,"3500 SPRING GARDEN AVE, PITTSBURGH, PA, 15212",40.483104,-79.996855,PIPE FITTER (Const),412-231-1446
522,"3500 SPRING GARDEN AVE, PITTSBURGH, PA, 15212",40.483104,-79.996855,ROOFER,412-231-1446
523,"3500 SPRING GARDEN AVE, PITTSBURGH, PA, 15212",40.483104,-79.996855,SHEET METAL WORKER,412-231-1446
524,"3500 SPRING GARDEN AVE, PITTSBURGH, PA, 15212",40.483104,-79.996855,CONSTRUCTION CRAFT LABORER,412-231-1446
525,"3500 SPRING GARDEN AVE, PITTSBURGH, PA, 15212",40.483104,-79.996855,STRUCTURAL STEEL/IRONWORKER,412-231-1446
526,"2602 HARNEY ST., OMAHA, NE, 68131",41.256942,-95.95070199999999,BRICKLAYER (Construction),402-344-4258
527,"2602 HARNEY ST., OMAHA, NE, 68131",41.256942,-95.95070199999999,CARPENTER,402-344-4258
528,"2602 HARNEY ST., OMAHA, NE, 68131",41.256942,-95.95070199999999,CEMENT MASON,402-344-4258
529,"2602 HARNEY ST., OMAHA, NE, 68131",41.256942,-95.95070199999999,ELECTRICIAN,402-344-4258
530,"2602 HARNEY ST., OMAHA, NE, 68131",41.256942,-95.95070199999999,GLAZIER,402-344-4258
531,"2602 HARNEY ST., OMAHA, NE, 68131",41.256942,-95.95070199999999,OPERATING ENGINEER,402-344-4258
532,"2602 HARNEY ST., OMAHA, NE, 68131",41.256942,-95.95070199999999,PAINTER (Const),402-344-4258
533,"2602 HARNEY ST., OMAHA, NE, 68131",41.256942,-95.95070199999999,PIPE FITTER (Const),402-344-4258
534,"2602 HARNEY ST., OMAHA, NE, 68131",41.256942,-95.95070199999999,PLASTERER,402-344-4258
535,"2602 HARNEY ST., OMAHA, NE, 68131",41.256942,-95.95070199999999,PLUMBER,402-344-4258
536,"2602 HARNEY ST., OMAHA, NE, 68131",41.256942,-95.95070199999999,ROOFER,402-344-4258
537,"2602 HARNEY ST., OMAHA, NE, 68131",41.256942,-95.95070199999999,SHEET METAL WORKER,402-344-4258
538,"2602 HARNEY ST., OMAHA, NE, 68131",41.256942,-95.95070199999999,STATIONARY ENGINEER,402-344-4258
539,"1837 FIRST STREET, BAY CITY, MI, 48708",43.6014018,-83.8682942,"MACHINE REPAIRER, MAINTEN",989-893-3961
540,"100 E. ERIE AVE./A ST, PHILADELPHIA, PA, 19134",39.9863531,-75.1019942,"CARPENTER, MAINTENANCE",215-739-6400
541,"54 CONCOURSE WAY, GREER, SC, 29650",34.8756739,-82.2327059,CNC SETUP PROG-MILLING&TURNING (CB),864-879-7020
542,"517 JULIE COURT, JONESTOWN, TAMUNING, GU, 96913",13.483889,144.776667,OFFICE MANAGER/ADMIN SERVICES,671-632-6464
543,"1233 GILBERT COURT, IOWA CITY, IA, 52240",41.64662209999999,-91.52985260000001,ELECTRICIAN,319-351-6452
544,"2500 LATHAM STREET, ROCKFORD, IL, 61103",42.299279,-89.08189899999999,MACHINIST(CB),815-962-6076
545,"200 INDUSTRY PKWY PO BOX 280, RICHMOND, IN, 47374",39.8284227,-84.82458790000001,TOOL AND DIE MAKER,765-962-3571
